VAR,ES,PT,EN
iniProc,"Iniciar proceso {1} - se alcanzo el maximo de hilos, reintentar: {2}","Iniciar processo {1} - atingiu o maximo de threads, reintentar: {2}","Start process {1} - maximum threads reached, retry: {2}"
callSubproc,Iniciar proceso {1} - llamando al subproceso {2},Iniciar processo {1} - a chamar o subprocesso {2},Start process {1} - calling subprocess {2}
endSubproc,7.Fin del proceso {1} - se integraron todos los descansos {2},7.Fim do processo {1} - foram integrados todos os descansos {2},7.End of process {1} - all rest days integrated {2}
errCallSubProc,Iniciar proceso {1} - error al llamar al subproceso {2} [{3}],Iniciar processo {1} - erro ao chamar o subprocesso {2} [{3}],Start process {1} - error calling subprocess {2} [{3}]
errMaxThreads,Fin del proceso {1} - se alcanzo el maximo de reintentos para maxThreads [{2}],Fim do processo {1} - atingiu o maximo de tentativas para maxThreads [{2}],End of process {1} - maximum retries reached for maxThreads [{2}]
iniSubproc,1.1 Iniciar subproceso {1} - parametros procesados para el puesto {2} [{3}],1.1 Iniciar subprocesso {1} - parametros processados para o posto {2} [{3}],1.1 Start subprocess {1} - parameters processed for post {2} [{3}]
errSubproc,1.1 Iniciar subproceso {1} - error al procesar parametros iniciales para el puesto {2} [{3}],1.1 Iniciar subprocesso {1} - erro ao processar parametros iniciais para o posto {2} [{3}],1.1 Start subprocess {1} - error processing initial parameters for post {2} [{3}]
errNoColab,1.1 Subproceso {1} - no hay colaboradores para procesar para el puesto {2} [{3}],1.1 Subprocesso {1} - nao ha colaboradores para processar para o posto {2} [{3}],1.1 Subprocess {1} - no employees to process for post {2} [{3}]
validSubProc,1.1 Iniciar subproceso {1} - parametros iniciales de proceso validos para el puesto {2} [{3}],1.1 Iniciar subprocesso {1} - parametros iniciais de processo validos para o posto {2} [{3}],1.1 Start subprocess {1} - valid initial process parameters for post {2} [{3}]
invalidSubProc,1.1 Iniciar subproceso {1} - parametros iniciales de proceso no validos para el puesto {2} [{3}],1.1 Iniciar subprocesso {1} - parametros iniciais de processo invalidos para o posto {2} [{3}],1.1 Start subprocess {1} - invalid initial process parameters for post {2} [{3}]
iniSubprocPosto,2. Iniciando subproceso {1} - para el puesto {2} [{3}],2. Iniciando subprocesso {1} - para o posto {2} [{3}],2. Starting subprocess {1} - for post {2} [{3}]
validParamsTreat,2.1 Iniciar subproceso {1} - parametros algoritmo validos para el puesto {2} [{3}],2.1 Iniciar subprocesso {1} - parametros algoritmo validos para o posto {2} [{3}],2.1 Start subprocess {1} - valid algorithm parameters for post {2} [{3}]
invalidParamsTreat,2.1 Iniciar subproceso {1} - parametros algoritmo invalidos para el puesto {2} [{3}],2.1 Iniciar subprocesso {1} - parametros algoritmo invalidos para o posto {2} [{3}],2.1 Start subprocess {1} - invalid algorithm parameters for post {2} [{3}]
invalidLoadMatrices,"2.2 Iniciar subproceso {1} - error al cargar la información principal (colaboradores, calendarios, y/o estimativas) para el puesto {2} [{3}]","2.2 Iniciar subprocesso {1} - erro ao carregar a informacao principal (colaboradores, calendarios e/ou estimativas) para o posto {2} [{3}]","2.2 Start subprocess {1} - error loading main information (employees, calendars, and/or estimates) for post {2} [{3}]"
okColab,2.2.1 Subproceso {1} - hay colaboradores para procesar para el puesto {2} [{3}],2.2.1 Subprocesso {1} - ha colaboradores para processar para o posto {2} [{3}],2.2.1 Subprocess {1} - employees available to process for post {2} [{3}]
errColab,2.2.1 Subproceso {1} - error al obtener colaboradores para el puesto {2} [{3}],2.2.1 Subprocesso {1} - erro ao obter colaboradores para o posto {2} [{3}],2.2.1 Subprocess {1} - error retrieving employees for post {2} [{3}]
noMColab,2.2.1 Subproceso {1} - no hay matriz de colaboradores para el puesto {2} [{3}],2.2.1 Subprocesso {1} - nao ha matriz de colaboradores para o posto {2} [{3}],2.2.1 Subprocess {1} - no employee matrix for post {2} [{3}]
invalidColab,2.2.1 Subproceso {1} - informacion de colaboradores no valida para el puesto {2} [{3}],2.2.1 Subprocesso {1} - informacao de colaboradores invalida para o posto {2} [{3}],2.2.1 Subprocess {1} - invalid employee information for post {2} [{3}]
okCalendar,2.2.2 Subproceso {1} - se obtuvo el calendario para el puesto {2} [{3}],2.2.2 Subprocesso {1} - calendario obtido para o posto {2} [{3}],2.2.2 Subprocess {1} - calendar retrieved for post {2} [{3}]
errCalendar,2.2.2 Subproceso {1} - error al obtener el calendario para el puesto {2} [{3}],2.2.2 Subprocesso {1} - erro ao obter o calendario para o posto {2} [{3}],2.2.2 Subprocess {1} - error retrieving calendar for post {2} [{3}]
noCalendar,2.2.2 Subproceso {1} - no hay calendario para el puesto {2} [{3}],2.2.2 Subprocesso {1} - nao ha calendario para o posto {2} [{3}],2.2.2 Subprocess {1} - no calendar for post {2} [{3}]
invalidCalendar,2.2.2 Subproceso {1} - calendario no valido para el puesto {2} [{3}],2.2.2 Subprocesso {1} - calendario invalido para o posto {2} [{3}],2.2.2 Subprocess {1} - invalid calendar for post {2} [{3}]
okMinIdeal,2.2.3 Subproceso {1} - se obtuvo estimativas para el puesto {2} [{3}],2.2.3 Subprocesso {1} - estimativas obtidas para o posto {2} [{3}],2.2.3 Subprocess {1} - estimates retrieved for post {2} [{3}]
errMinIdeal,2.2.3 Subproceso {1} - error al obtener estimativas para el puesto {2} [{3}],2.2.3 Subprocesso {1} - erro ao obter estimativas para o posto {2} [{3}],2.2.3 Subprocess {1} - error retrieving estimates for post {2} [{3}]
noMinIdeal,2.2.3 Subproceso {1} - no hay estimativas para el puesto {2} [{3}],2.2.3 Subprocesso {1} - nao ha estimativas para o posto {2} [{3}],2.2.3 Subprocess {1} - no estimates for post {2} [{3}]
invalidMinIdeal,2.2.3 Subproceso {1} - estimativas no valido para el puesto {2} [{3}],2.2.3 Subprocesso {1} - estimativas invalidas para o posto {2} [{3}],2.2.3 Subprocess {1} - invalid estimates for post {2} [{3}]
errFaixaSec,2.2.3 Subproceso {1} - no hay rango horario para seccion {2} [{3}],2.2.3 Subprocesso {1} - nao ha intervalo horario para a seccao {2} [{3}],2.2.3 Subprocess {1} - no time range for section {2} [{3}]
errGran,2.2.3 Subproceso {1} - error al obtener el parametro de granularidad para el puesto {2} [{3}],2.2.3 Subprocesso {1} - erro ao obter o parametro de granularidade para o posto {2} [{3}],2.2.3 Subprocess {1} - error retrieving granularity parameter for post {2} [{3}]
errAllInfo,2.2.3 Subproceso {1} - error al obtener toda la informacion de estimativas para el puesto {2} [{3}],2.2.3 Subprocesso {1} - erro ao obter toda a informacao de estimativas para o posto {2} [{3}],2.2.3 Subprocess {1} - error retrieving all estimate information for post {2} [{3}]
invalidFuncInicializa,"2.3 Iniciar subproceso {1} - error al tratar la informacion principal (colaboradores, calendarios, y/o estimativas) para el puesto {2} [{3}]","2.3 Iniciar subprocesso {1} - erro ao tratar a informacao principal (colaboradores, calendarios e/ou estimativas) para o posto {2} [{3}]","2.3 Start subprocess {1} - error processing main information (employees, calendars, and/or estimates) for post {2} [{3}]"
invalidAllocationCycle,2.4 Iniciar subproceso {1} - error al procesar el algoritmo de asignacion de descansos [{2}],2.4 Iniciar subprocesso {1} - erro ao processar o algoritmo de atribuicao de descansos [{2}],2.4 Start subprocess {1} - error processing rest day allocation algorithm [{2}]
invalidFormatResults,2.5 Iniciar subproceso {1} - error al formatear los resultados para   el puesto {2} [{3}],2.5 Iniciar subprocesso {1} - erro ao formatar os resultados para o posto {2} [{3}],2.5 Start subprocess {1} - error formatting results for post {2} [{3}]
invalidInsertResults,2.6 Iniciar subproceso {1} - error al insertar los resultados para el puesto {2} [{3}],2.6 Iniciar subprocesso {1} - erro ao inserir os resultados para o posto {2} [{3}],2.6 Start subprocess {1} - error inserting results for post {2} [{3}]
okSubprocPosto,3. Fin del subproceso {1} - se integraron todos los descansos para el puesto {2} [{3}],3. Fim do subprocesso {1} - foram integrados todos os descansos para o posto {2} [{3}],3. End of subprocess {1} - all rest days integrated for post {2} [{3}]
errSubprocPosto,3. Fin del subproceso {1} - error al integrar los descansos para el puesto {2} [{3}],3. Fim do subprocesso {1} - erro ao integrar os descansos para o posto {2} [{3}],3. End of subprocess {1} - error integrating rest days for post {2} [{3}]
ERR_LOAD_NO_ENTITIES,Error al cargar datos del proceso - no se proporcionaron entidades [{1}],Erro ao carregar dados do processo - nao foram fornecidas entidades [{1}],Error loading process data - no entities provided [{1}]
ERR_LOAD_VALID_EMP_TREATMENT,Error al cargar datos del proceso - fallo en el tratamiento de empleados válidos [{1}],Erro ao carregar dados do processo - falha no tratamento de colaboradores validos [{1}],Error loading process data - valid employee treatment failed [{1}]
ERR_LOAD_VALID_EMP_INVALID,Error al cargar datos del proceso - datos de empleados válidos inválidos [{1}],Erro ao carregar dados do processo - dados de colaboradores validos invalidos [{1}],Error loading process data - invalid valid employee data [{1}]
ERR_LOAD_VALID_EMP_INFO,Error al cargar datos del proceso - información de empleados a gerar inválida [{1}],Erro ao carregar dados do processo - informacao de colaboradores a gerar invalida [{1}],Error loading process data - invalid employee generation information [{1}]
ERR_LOAD_MPD_EMPLOYEES,Error al cargar datos del proceso - error al cargar empleados MPD [{1}],Erro ao carregar dados do processo - erro ao carregar colaboradores MPD [{1}],Error loading process data - error loading MPD employees [{1}]
ERR_LOAD_NUM_SUNDAYS,Error al cargar datos del proceso - número de domingos inválido [{1}],Erro ao carregar dados do processo - numero de domingos invalido [{1}],Error loading process data - invalid number of Sundays [{1}]
ERR_LOAD_FK_MATRICULA_MAP,Error al cargar datos del proceso - fallo en el mapeo de ID de empleados [{1}],Erro ao carregar dados do processo - falha no mapeamento de ID de colaboradores [{1}],Error loading process data - employee ID mapping failed [{1}]
ERR_LOAD_EMPLOYEES_LIST_EMPTY,Error al cargar datos del proceso - lista de empleados vacía [{1}],Erro ao carregar dados do processo - lista de colaboradores vazia [{1}],Error loading process data - empty employee list [{1}]
ERR_LOAD_POSTO_LIST_EMPTY,Error al cargar datos del proceso - lista de puestos vacía [{1}],Erro ao carregar dados do processo - lista de postos vazia [{1}],Error loading process data - empty post list [{1}]
ERR_LOAD_DATE_PASSADO_FIRST,Error al cargar datos del proceso - primer día pasado vacío [{1}],Erro ao carregar dados do processo - primeiro dia passado vazio [{1}],Error loading process data - empty first past day [{1}]
ERR_LOAD_DATE_PASSADO_LAST,Error al cargar datos del proceso - último día pasado vacío [{1}],Erro ao carregar dados do processo - ultimo dia passado vazio [{1}],Error loading process data - empty last past day [{1}]
ERR_LOAD_PARAMS_LQ,Error al cargar datos del proceso - error al cargar parámetros LQ [{1}],Erro ao carregar dados do processo - erro ao carregar parametros LQ [{1}],Error loading process data - error loading LQ parameters [{1}]
ERR_LOAD_FERIADOS,Error al cargar datos del proceso - error al cargar feriados [{1}],Erro ao carregar dados do processo - erro ao carregar feriados [{1}],Error loading process data - error loading holidays [{1}]
ERR_LOAD_FERIADOS_TREATMENT,Error al cargar datos del proceso - fallo en el tratamiento de feriados [{1}],Erro ao carregar dados do processo - falha no tratamento de feriados [{1}],Error loading process data - holiday treatment failed [{1}]
ERR_LOAD_FERIADOS_INVALID,Error al cargar datos del proceso - datos de feriados inválidos [{1}],Erro ao carregar dados do processo - dados de feriados invalidos [{1}],Error loading process data - invalid holiday data [{1}]
ERR_LOAD_NUM_FERIADOS_ABERTOS,Error al cargar datos del proceso - número de feriados abiertos inválido [{1}],Erro ao carregar dados do processo - numero de feriados abertos invalido [{1}],Error loading process data - invalid number of open holidays [{1}]
ERR_LOAD_NUM_FERIADOS_FECHADOS,Error al cargar datos del proceso - número de feriados cerrados inválido [{1}],Erro ao carregar dados do processo - numero de feriados fechados invalido [{1}],Error loading process data - invalid number of closed holidays [{1}]
ERR_LOAD_CLOSED_DAYS,Error al cargar datos del proceso - error al cargar días cerrados [{1}],Erro ao carregar dados do processo - erro ao carregar dias fechados [{1}],Error loading process data - error loading closed days [{1}]
ERR_LOAD_CLOSED_DAYS_TREATMENT,Error al cargar datos del proceso - fallo en el tratamiento de días cerrados [{1}],Erro ao carregar dados do processo - falha no tratamento de dias fechados [{1}],Error loading process data - closed days treatment failed [{1}]
ERR_LOAD_PARAMS,Error al cargar datos del proceso - error al cargar parámetros [{1}],Erro ao carregar dados do processo - erro ao carregar parametros [{1}],Error loading process data - error loading parameters [{1}]
ERR_LOAD_PARAMS_CFG,Error al cargar datos del proceso - error al cargar parámetros de configuración [{1}],Erro ao carregar dados do processo - erro ao carregar parametros de configuracao [{1}],Error loading process data - error loading configuration parameters [{1}]
ERR_LOAD_PARAMS_CFG_EMPTY,Error al cargar datos del proceso - parámetros de configuración vacíos [{1}],Erro ao carregar dados do processo - parametros de configuracao vazios [{1}],Error loading process data - empty configuration parameters [{1}]
ERR_LOAD_ADMISSAO_PROPORCIONAL,Error al cargar datos del proceso - valor de admisión proporcional inválido [{1}],Erro ao carregar dados do processo - valor de admissao proporcional invalido [{1}],Error loading process data - invalid proportional admission value [{1}]
ERR_LOAD_SAVE_AUXILIARY,Error al cargar datos del proceso - error al guardar datos auxiliares [{1}],Erro ao carregar dados do processo - erro ao guardar dados auxiliares [{1}],Error loading process data - error saving auxiliary data [{1}]
ERR_PARAMS_TREATMENT,Error al tratar parámetros - fallo en el tratamiento [{1}],Erro ao tratar parametros - falha no tratamento [{1}],Error processing parameters - treatment failed [{1}]
ERR_COLAB_LOAD_INFO,Error al cargar información de colaboradores - error al cargar desde datos auxiliares [{1}],Erro ao carregar informacao de colaboradores - erro ao carregar a partir de dados auxiliares [{1}],Error loading employee information - error loading from auxiliary data [{1}]
ERR_COLAB_PAST_EMPLOYEES,Error al cargar información de colaboradores - error al obtener lista de empleados pasados [{1}],Erro ao carregar informacao de colaboradores - erro ao obter lista de colaboradores passados [{1}],Error loading employee information - error retrieving past employee list [{1}]
ERR_COLAB_LOAD_DF,Error al cargar información de colaboradores - error al cargar df_colaborador [{1}],Erro ao carregar informacao de colaboradores - erro ao carregar df_colaborador [{1}],Error loading employee information - error loading df_colaborador [{1}]
ERR_COLAB_LOAD_CONTRATOS,Error al cargar información de colaboradores - error al cargar contratos [{1}],Erro ao carregar informacao de colaboradores - erro ao carregar contratos [{1}],Error loading employee information - error loading contracts [{1}]
ERR_COLAB_TREATMENT,Error al cargar información de colaboradores - fallo en el tratamiento de colaboradores [{1}],Erro ao carregar informacao de colaboradores - falha no tratamento de colaboradores [{1}],Error loading employee information - employee treatment failed [{1}]
ERR_COLAB_90_LIST,Error al cargar información de colaboradores - error al obtener empleados de ciclo de 90 días [{1}],Erro ao carregar informacao de colaboradores - erro ao obter colaboradores de ciclo de 90 dias [{1}],Error loading employee information - error retrieving 90-day cycle employees [{1}]
ERR_COLAB_PAST_LIST_EMPTY,Error al cargar información de colaboradores - lista de empleados pasados vacía [{1}],Erro ao carregar informacao de colaboradores - lista de colaboradores passados vazia [{1}],Error loading employee information - empty past employee list [{1}]
ERR_COLAB_SAVE,Error al cargar información de colaboradores - error al guardar datos de colaboradores [{1}],Erro ao carregar informacao de colaboradores - erro ao guardar dados de colaboradores [{1}],Error loading employee information - error saving employee data [{1}]
ERR_COLABTRANS_LOAD,Error en transformaciones de colaboradores - falta parámetro requerido [{1}],Erro em transformacoes de colaboradores - falta parametro obrigatorio [{1}],Error in employee transformations - missing required parameter [{1}]
ERR_COLABTRANS_CONTRATOS,Error en transformaciones de colaboradores - fallo en el tratamiento de contratos [{1}],Erro em transformacoes de colaboradores - falha no tratamento de contratos [{1}],Error in employee transformations - contract treatment failed [{1}]
ERR_COLABTRANS_LQS,Error en transformaciones de colaboradores - fallo al agregar columnas LQ [{1}],Erro em transformacoes de colaboradores - falha ao adicionar colunas LQ [{1}],Error in employee transformations - failed to add LQ columns [{1}]
ERR_COLABTRANS_TIPO_CONTRATO,Error en transformaciones de colaboradores - fallo en el cálculo del tipo de contrato [{1}],Erro em transformacoes de colaboradores - falha no calculo do tipo de contrato [{1}],Error in employee transformations - contract type calculation failed [{1}]
ERR_COLABTRANS_PRIORIDADE,Error en transformaciones de colaboradores - fallo en la asignación de prioridad [{1}],Erro em transformacoes de colaboradores - falha na atribuicao de prioridade [{1}],Error in employee transformations - priority assignment failed [{1}]
ERR_COLABTRANS_C2D,Error en transformaciones de colaboradores - fallo en el cálculo de C2D [{1}],Erro em transformacoes de colaboradores - falha no calculo de C2D [{1}],Error in employee transformations - C2D calculation failed [{1}]
ERR_COLABTRANS_C3D,Error en transformaciones de colaboradores - fallo en el cálculo de C3D [{1}],Erro em transformacoes de colaboradores - falha no calculo de C3D [{1}],Error in employee transformations - C3D calculation failed [{1}]
ERR_COLABTRANS_LD,Error en transformaciones de colaboradores - fallo en el cálculo de L_D [{1}],Erro em transformacoes de colaboradores - falha no calculo de L_D [{1}],Error in employee transformations - L_D calculation failed [{1}]
ERR_COLABTRANS_LDOM,Error en transformaciones de colaboradores - fallo en el cálculo de L_DOM [{1}],Erro em transformacoes de colaboradores - falha no calculo de L_DOM [{1}],Error in employee transformations - L_DOM calculation failed [{1}]
ERR_COLABTRANS_LQ,Error en transformaciones de colaboradores - fallo en el cálculo de L_Q [{1}],Erro em transformacoes de colaboradores - falha no calculo de L_Q [{1}],Error in employee transformations - L_Q calculation failed [{1}]
ERR_COLABTRANS_LTOTAL,Error en transformaciones de colaboradores - fallo en el cálculo de L_TOTAL [{1}],Erro em transformacoes de colaboradores - falha no calculo de L_TOTAL [{1}],Error in employee transformations - L_TOTAL calculation failed [{1}]
ERR_COLABTRANS_DATE_ADJ,Error en transformaciones de colaboradores - fallo en ajustes de fecha [{1}],Erro em transformacoes de colaboradores - falha nos ajustes de data [{1}],Error in employee transformations - date adjustments failed [{1}]
ERR_COLABTRANS_CONTRACT_ADJ,Error en transformaciones de colaboradores - fallo en ajuste de tipo de contrato [{1}],Erro em transformacoes de colaboradores - falha no ajuste de tipo de contrato [{1}],Error in employee transformations - contract type adjustment failed [{1}]
ERR_COLABTRANS_SAVE,Error en transformaciones de colaboradores - error al guardar datos transformados [{1}],Erro em transformacoes de colaboradores - erro ao guardar dados transformados [{1}],Error in employee transformations - error saving transformed data [{1}]
ERR_CAL_POSTO_INVALID,Error al cargar información de calendario - posto_id es 0 o None [{1}],Erro ao carregar informacao de calendario - posto_id e 0 ou None [{1}],Error loading calendar information - posto_id is 0 or None [{1}]
ERR_CAL_LOAD_INFO,Error al cargar información de calendario - error al cargar desde datos auxiliares [{1}],Erro ao carregar informacao de calendario - erro ao carregar a partir de dados auxiliares [{1}],Error loading calendar information - error loading from auxiliary data [{1}]
ERR_CAL_LOAD_PASSADO,Error al cargar información de calendario - error al cargar calendario histórico [{1}],Erro ao carregar informacao de calendario - erro ao carregar calendario historico [{1}],Error loading calendar information - error loading historical calendar [{1}]
ERR_CAL_TREAT_PASSADO,Error al cargar información de calendario - fallo en el tratamiento del calendario histórico [{1}],Erro ao carregar informacao de calendario - falha no tratamento do calendario historico [{1}],Error loading calendar information - historical calendar treatment failed [{1}]
ERR_CAL_MATRICULAS_POSTO,Error al cargar información de calendario - error al obtener matrículas para el puesto [{1}],Erro ao carregar informacao de calendario - erro ao obter matriculas para o posto [{1}],Error loading calendar information - error retrieving employee IDs for post [{1}]
ERR_CAL_LOAD_AUSENCIAS,Error al cargar información de calendario - error al cargar ausencias [{1}],Erro ao carregar informacao de calendario - erro ao carregar ausencias [{1}],Error loading calendar information - error loading absences [{1}]
ERR_CAL_TREAT_AUSENCIAS,Error al cargar información de calendario - fallo en el tratamiento de ausencias [{1}],Erro ao carregar informacao de calendario - falha no tratamento de ausencias [{1}],Error loading calendar information - absence treatment failed [{1}]
ERR_CAL_VALID_AUSENCIAS,Error al cargar información de calendario - fallo en la validación de ausencias [{1}],Erro ao carregar informacao de calendario - falha na validacao de ausencias [{1}],Error loading calendar information - absence validation failed [{1}]
ERR_CAL_LOAD_CICLOS,Error al cargar información de calendario - error al cargar ciclos [{1}],Erro ao carregar informacao de calendario - erro ao carregar ciclos [{1}],Error loading calendar information - error loading cycles [{1}]
ERR_CAL_SEPARATE_CICLOS,Error al cargar información de calendario - error al separar datos de ciclos [{1}],Erro ao carregar informacao de calendario - erro ao separar dados de ciclos [{1}],Error loading calendar information - error separating cycle data [{1}]
ERR_CAL_TREAT_CICLOS,Error al cargar información de calendario - fallo en el tratamiento de ciclos [{1}],Erro ao carregar informacao de calendario - falha no tratamento de ciclos [{1}],Error loading calendar information - cycle treatment failed [{1}]
ERR_CAL_VALID_CICLOS,Error al cargar información de calendario - fallo en la validación de ciclos [{1}],Erro ao carregar informacao de calendario - falha na validacao de ciclos [{1}],Error loading calendar information - cycle validation failed [{1}]
ERR_CAL_TREAT_FOLGAS,Error al cargar información de calendario - fallo en el tratamiento de folgas [{1}],Erro ao carregar informacao de calendario - falha no tratamento de folgas [{1}],Error loading calendar information - days off treatment failed [{1}]
ERR_CAL_VALID_FOLGAS,Error al cargar información de calendario - fallo en la validación de folgas [{1}],Erro ao carregar informacao de calendario - falha na validacao de folgas [{1}],Error loading calendar information - days off validation failed [{1}]
ERR_CAL_LOAD_DAYS_OFF,Error al cargar información de calendario - error al cargar días libres [{1}],Erro ao carregar informacao de calendario - erro ao carregar dias livres [{1}],Error loading calendar information - error loading days off [{1}]
ERR_CAL_SAVE,Error al cargar información de calendario - error al guardar datos de calendario [{1}],Erro ao carregar informacao de calendario - erro ao guardar dados de calendario [{1}],Error loading calendar information - error saving calendar data [{1}]
ERR_CALTRANS_LOAD,Error en transformaciones de calendario - error al cargar DataFrames [{1}],Erro em transformacoes de calendario - erro ao carregar DataFrames [{1}],Error in calendar transformations - error loading DataFrames [{1}]
ERR_CALTRANS_CREATE,Error en transformaciones de calendario - fallo en la creación del calendario [{1}],Erro em transformacoes de calendario - falha na criacao do calendario [{1}],Error in calendar transformations - calendar creation failed [{1}]
ERR_CALTRANS_DATE_COLS,Error en transformaciones de calendario - fallo al agregar columnas de fecha [{1}],Erro em transformacoes de calendario - falha ao adicionar colunas de data [{1}],Error in calendar transformations - failed to add date columns [{1}]
ERR_CALTRANS_SEQ_TURNO,Error en transformaciones de calendario - fallo al agregar secuencia de turno [{1}],Erro em transformacoes de calendario - falha ao adicionar sequencia de turno [{1}],Error in calendar transformations - failed to add shift sequence [{1}]
ERR_CALTRANS_AUSENCIAS,Error en transformaciones de calendario - fallo en la unión de ausencias [{1}],Erro em transformacoes de calendario - falha na uniao de ausencias [{1}],Error in calendar transformations - absence merge failed [{1}]
ERR_CALTRANS_CICLOS,Error en transformaciones de calendario - fallo en la unión de ciclos [{1}],Erro em transformacoes de calendario - falha na uniao de ciclos [{1}],Error in calendar transformations - cycle merge failed [{1}]
ERR_CALTRANS_DAYS_OFF,Error en transformaciones de calendario - fallo en la unión de días libres [{1}],Erro em transformacoes de calendario - falha na uniao de dias livres [{1}],Error in calendar transformations - days off merge failed [{1}]
ERR_CALTRANS_PASSADO,Error en transformaciones de calendario - fallo en la unión de datos históricos [{1}],Erro em transformacoes de calendario - falha na uniao de dados historicos [{1}],Error in calendar transformations - historical data merge failed [{1}]
ERR_CALTRANS_FOLGAS,Error en transformaciones de calendario - fallo en la unión de folgas de ciclo [{1}],Erro em transformacoes de calendario - falha na uniao de folgas de ciclo [{1}],Error in calendar transformations - cycle days off merge failed [{1}]
ERR_CALTRANS_FILTER,Error en transformaciones de calendario - fallo en el filtrado de fechas [{1}],Erro em transformacoes de calendario - falha no filtragem de datas [{1}],Error in calendar transformations - date filtering failed [{1}]
ERR_CALTRANS_TIPOS_TURNO,Error en transformaciones de calendario - fallo en la extracción de tipos de turno [{1}],Erro em transformacoes de calendario - falha na extracao de tipos de turno [{1}],Error in calendar transformations - shift type extraction failed [{1}]
ERR_CALTRANS_DIA_TIPO,Error en transformaciones de calendario - fallo en la definición del tipo de día [{1}],Erro em transformacoes de calendario - falha na definicao do tipo de dia [{1}],Error in calendar transformations - day type definition failed [{1}]
ERR_CALTRANS_SAVE,Error en transformaciones de calendario - error al guardar calendario [{1}],Erro em transformacoes de calendario - erro ao guardar calendario [{1}],Error in calendar transformations - error saving calendar [{1}]
ERR_EST_POSTO_LOAD,Error al cargar información de estimativas - error al cargar posto_id [{1}],Erro ao carregar informacao de estimativas - erro ao carregar posto_id [{1}],Error loading estimate information - error loading posto_id [{1}]
ERR_EST_POSTO_INVALID,Error al cargar información de estimativas - posto_id inválido [{1}],Erro ao carregar informacao de estimativas - posto_id invalido [{1}],Error loading estimate information - invalid posto_id [{1}]
ERR_EST_DATE_INVALID,Error al cargar información de estimativas - parámetros de fecha inválidos [{1}],Erro ao carregar informacao de estimativas - parametros de data invalidos [{1}],Error loading estimate information - invalid date parameters [{1}]
ERR_EST_INIT,Error al cargar información de estimativas - error de inicialización [{1}],Erro ao carregar informacao de estimativas - erro de inicializacao [{1}],Error loading estimate information - initialization error [{1}]
ERR_EST_TURNOS,Error al cargar información de estimativas - error al procesar turnos [{1}],Erro ao carregar informacao de estimativas - erro ao processar turnos [{1}],Error loading estimate information - error processing shifts [{1}]
ERR_EST_ESTRUTURA,Error al cargar información de estimativas - error al cargar estructura WFM [{1}],Erro ao carregar informacao de estimativas - erro ao carregar estrutura WFM [{1}],Error loading estimate information - error loading WFM structure [{1}]
ERR_EST_FERIADOS,Error al cargar información de estimativas - error al obtener feriados [{1}],Erro ao carregar informacao de estimativas - erro ao obter feriados [{1}],Error loading estimate information - error retrieving holidays [{1}]
ERR_EST_FAIXA,Error al cargar información de estimativas - error al cargar ventanas de tiempo [{1}],Erro ao carregar informacao de estimativas - erro ao carregar janelas de tempo [{1}],Error loading estimate information - error loading time windows [{1}]
ERR_EST_ORCAMENTO,Error al cargar información de estimativas - error al cargar datos de presupuesto [{1}],Erro ao carregar informacao de estimativas - erro ao carregar dados de orcamento [{1}],Error loading estimate information - error loading budget data [{1}]
ERR_EST_GRANULARIDADE,Error al cargar información de estimativas - error al cargar granularidad [{1}],Erro ao carregar informacao de estimativas - erro ao carregar granularidade [{1}],Error loading estimate information - error loading granularity [{1}]
ERR_EST_SAVE,Error al cargar información de estimativas - error al guardar datos de estimativas [{1}],Erro ao carregar informacao de estimativas - erro ao guardar dados de estimativas [{1}],Error loading estimate information - error saving estimate data [{1}]
ERR_ESTTRANS_LOAD,Error en transformaciones de estimativas - error al cargar DataFrames [{1}],Erro em transformacoes de estimativas - erro ao carregar DataFrames [{1}],Error in estimate transformations - error loading DataFrames [{1}]
ERR_ESTTRANS_PARAMS,Error en transformaciones de estimativas - falta parámetro requerido [{1}],Erro em transformacoes de estimativas - falta parametro obrigatorio [{1}],Error in estimate transformations - missing required parameter [{1}]
ERR_ESTTRANS_PROCESS,Error en transformaciones de estimativas - error al procesar transformaciones [{1}],Erro em transformacoes de estimativas - erro ao processar transformacoes [{1}],Error in estimate transformations - error processing transformations [{1}]
ERR_ESTTRANS_SAVE,Error en transformaciones de estimativas - error al guardar datos transformados [{1}],Erro em transformacoes de estimativas - erro ao guardar dados transformados [{1}],Error in estimate transformations - error saving transformed data [{1}]
ERR_FUNC_LOAD,Error en func_inicializa - falta DataFrame requerido [{1}],Erro em func_inicializa - falta DataFrame obrigatorio [{1}],Error in func_inicializa - missing required DataFrame [{1}]
ERR_FUNC_VALIDATION,Error en func_inicializa - fallo en la validación principal [{1}],Erro em func_inicializa - falha na validacao principal [{1}],Error in func_inicializa - main validation failed [{1}]
ERR_FUNC_MERGE_CONTRACT,Error en func_inicializa - fallo en la unión de contratos [{1}],Erro em func_inicializa - falha na uniao de contratos [{1}],Error in func_inicializa - contract merge failed [{1}]
ERR_FUNC_EDGE_CASES,Error en func_inicializa - fallo en el manejo de casos límite [{1}],Erro em func_inicializa - falha no tratamento de casos limite [{1}],Error in func_inicializa - edge case handling failed [{1}]
ERR_FUNC_ADMISSION_ADJ,Error en func_inicializa - fallo en el ajuste de admisión [{1}],Erro em func_inicializa - falha no ajuste de admissao [{1}],Error in func_inicializa - admission adjustment failed [{1}]
ERR_FUNC_CALC_ALLOCATED,Error en func_inicializa - fallo en el cálculo de asignación [{1}],Erro em func_inicializa - falha no calculo de atribuicao [{1}],Error in func_inicializa - allocation calculation failed [{1}]
ERR_FUNC_CONVERT_INT,Error en func_inicializa - fallo en la conversión a entero [{1}],Erro em func_inicializa - falha na conversao para inteiro [{1}],Error in func_inicializa - integer conversion failed [{1}]
ERR_FUNC_DATE_FILTER,Error en func_inicializa - fallo en el filtrado de fechas [{1}],Erro em func_inicializa - falha no filtragem de datas [{1}],Error in func_inicializa - date filtering failed [{1}]
ERR_FUNC_SAVE,Error en func_inicializa - error al guardar en medium_data [{1}],Erro em func_inicializa - erro ao guardar em medium_data [{1}],Error in func_inicializa - error saving to medium_data [{1}]
ERR_ALLOC_PARAMS_INVALID,Error en ciclo de asignación - parámetros de algoritmo inválidos [{1}],Erro no ciclo de atribuicao - parametros de algoritmo invalidos [{1}],Error in allocation cycle - invalid algorithm parameters [{1}]
ERR_ALLOC_ALGORITHM_CREATE,Error en ciclo de asignación - fallo en la creación del algoritmo [{1}],Erro no ciclo de atribuicao - falha na criacao do algoritmo [{1}],Error in allocation cycle - algorithm creation failed [{1}]
ERR_ALLOC_MEDIUM_DATA,Error en ciclo de asignación - fallo en la validación de medium_data [{1}],Erro no ciclo de atribuicao - falha na validacao de medium_data [{1}],Error in allocation cycle - medium_data validation failed [{1}]
ERR_ALLOC_RUN,Error en ciclo de asignación - fallo en la ejecución del algoritmo [{1}],Erro no ciclo de atribuicao - falha na execucao do algoritmo [{1}],Error in allocation cycle - algorithm execution failed [{1}]
ERR_ALLOC_NO_RESULTS,Error en ciclo de asignación - el algoritmo no devolvió resultados [{1}],Erro no ciclo de atribuicao - o algoritmo nao devolveu resultados [{1}],Error in allocation cycle - algorithm returned no results [{1}]
ERR_ALLOC_SAVE,Error en ciclo de asignación - error al guardar resultados [{1}],Erro no ciclo de atribuicao - erro ao guardar resultados [{1}],Error in allocation cycle - error saving results [{1}]
ERR_FORMAT_DF_EMPTY,Error al formatear resultados - DataFrame de resultados vacío [{1}],Erro ao formatar resultados - DataFrame de resultados vazio [{1}],Error formatting results - empty results DataFrame [{1}]
ERR_FORMAT_NO_COLUMNS,Error al formatear resultados - resultados sin columnas [{1}],Erro ao formatar resultados - resultados sem colunas [{1}],Error formatting results - results have no columns [{1}]
ERR_FORMAT_NO_ROWS,Error al formatear resultados - resultados con 0 filas [{1}],Erro ao formatar resultados - resultados com 0 linhas [{1}],Error formatting results - results have 0 rows [{1}]
ERR_FORMAT_COLAB_EMPTY,Error al formatear resultados - df_colaborador vacío [{1}],Erro ao formatar resultados - df_colaborador vazio [{1}],Error formatting results - empty df_colaborador [{1}]
ERR_FORMAT_MERGE,Error al formatear resultados - fallo en la unión con colaborador [{1}],Erro ao formatar resultados - falha na uniao com colaborador [{1}],Error formatting results - employee merge failed [{1}]
ERR_FORMAT_MATRICULA,Error al formatear resultados - fallo en el mapeo de matrícula [{1}],Erro ao formatar resultados - falha no mapeamento de matricula [{1}],Error formatting results - employee ID mapping failed [{1}]
ERR_FORMAT_DATE_FILTER,Error al formatear resultados - fallo en el filtrado de fechas [{1}],Erro ao formatar resultados - falha no filtragem de datas [{1}],Error formatting results - date filtering failed [{1}]
ERR_FORMAT_CONVERT,Error al formatear resultados - fallo en la conversión de tipos [{1}],Erro ao formatar resultados - falha na conversao de tipos [{1}],Error formatting results - type conversion failed [{1}]
ERR_FORMAT_SAVE,Error al formatear resultados - error al guardar datos formateados [{1}],Erro ao formatar resultados - erro ao guardar dados formatados [{1}],Error formatting results - error saving formatted data [{1}]
ERR_INSERT_DF_EMPTY,Error al insertar resultados - DataFrame final vacío [{1}],Erro ao inserir resultados - DataFrame final vazio [{1}],Error inserting results - empty final DataFrame [{1}]
ERR_INSERT_COLUMNS,Error al insertar resultados - fallo en la preparación de columnas [{1}],Erro ao inserir resultados - falha na preparacao de colunas [{1}],Error inserting results - column preparation failed [{1}]
ERR_INSERT_BULK,Error al insertar resultados - fallo en la inserción masiva [{1}],Erro ao inserir resultados - falha na insercao em massa [{1}],Error inserting results - bulk insert failed [{1}]
OK_LOAD_PROCESS,Datos iniciales cargados exitosamente [{1}],Dados iniciais carregados com sucesso [{1}],Initial data loaded successfully [{1}]
OK_PARAMS,Parámetros tratados exitosamente [{1}],Parametros tratados com sucesso [{1}],Parameters processed successfully [{1}]
OK_COLAB,Colaboradores cargados exitosamente [{1}],Colaboradores carregados com sucesso [{1}],Employees loaded successfully [{1}]
OK_COLABTRANS,Transformaciones de colaboradores completadas [{1}],Transformacoes de colaboradores concluidas [{1}],Employee transformations completed [{1}]
OK_CAL,Datos de calendario cargados exitosamente [{1}],Dados de calendario carregados com sucesso [{1}],Calendar data loaded successfully [{1}]
OK_CALTRANS,Transformaciones de calendario completadas [{1}],Transformacoes de calendario concluidas [{1}],Calendar transformations completed [{1}]
OK_EST,Estimativas cargadas exitosamente [{1}],Estimativas carregadas com sucesso [{1}],Estimates loaded successfully [{1}]
OK_ESTTRANS,Transformaciones de estimativas completadas [{1}],Transformacoes de estimativas concluidas [{1}],Estimate transformations completed [{1}]
OK_FUNC,Inicialización completada [{1}],Inicializacao concluida [{1}],Initialization completed [{1}]
OK_ALLOC,Asignación completada [{1}],Atribuicao concluida [{1}],Allocation completed [{1}]
OK_FORMAT,Resultados formateados exitosamente [{1}],Resultados formatados com sucesso [{1}],Results formatted successfully [{1}]
OK_INSERT,Resultados insertados exitosamente [{1}],Resultados inseridos com sucesso [{1}],Results inserted successfully [{1}]
WARN_FEASIBILITY_CAP,El colaborador {2} tuvo {5} {3} asignados de un total de {4} previstos para el periodo [{6}-{7}],O colaborador {2} teve {5} {3} atribuidos de um total de {4} previstos para o periodo [{6}-{7}],Employee {2} was assigned {5} {3} out of a total of {4} planned for the period [{6}-{7}]
ERR_WORKLOAD_TEMPLATE_CONTRACT,Subproceso {1}: en {7}{8} el colaborador {2}{3} tiene ciclo con modelo de {4} dias laborables/semana incompatible con el contrato ({5}-{6} dias/semana). Puesto {9},Subprocesso {1}: na {7}{8} o colaborador {2}{3} tem ciclo com modelo de {4} dias uteis/semana incompativel com o contrato ({5}-{6} dias/semana). Posto {9},Subprocess {1}: in {7}{8} employee {2}{3} has a cycle with a {4} working days/week model incompatible with the contract ({5}-{6} days/week). Post {9}
ERR_MAX_CONSECUTIVE_WORKING_DAYS,Subproceso {1}: en el periodo {6}-{7}{8} el colaborador {2}{3} supera el limite de {4} dias consecutivos de trabajo ({5} dias seguidos sin folga atribuible). Puesto {9},Subprocesso {1}: no periodo {6}-{7}{8} o colaborador {2}{3} excede o limite de {4} dias consecutivos de trabalho ({5} dias seguidos sem folga atribuivel). Posto {9},Subprocess {1}: in period {6}-{7}{8} employee {2}{3} exceeds the {4} consecutive working days limit ({5} days in a row without assignable day off). Post {9}
ERR_SOLVER_INFEASIBLE,Subproceso {1}: no se encontro una asignacion de descansos factible para el puesto {2} [{3}]. ,Subprocesso {1}: nao foi encontrada uma atribuicao de descansos exequivel para o posto {2} [{3}],Subprocess {1}: no feasible rest-day assignment was found for post {2} [{3}]
